CustomerID,Age,Gender,Region,InsuranceType,PolicyTenure,PremiumAmount,Claimed,ClaimAmount
1,56,Male,North,Property,5,14085.6,0,0.0
2,69,Male,South,Life,3,11022.6,0,0.0
3,46,Male,West,Property,29,4750.67,0,0.0
4,32,Female,North,Vehicle,28,14235.89,0,0.0
5,60,Male,West,Health,29,24650.46,0,0.0
6,25,Male,South,Property,9,18138.42,0,0.0
7,38,Male,North,Property,20,14922.96,0,0.0
8,56,Female,East,Property,6,13948.44,0,0.0
9,36,Female,South,Property,18,15089.86,0,0.0
10,40,Male,East,Health,6,17188.48,1,44509.46
11,28,Male,West,Health,19,10276.75,1,14382.98
12,28,Male,West,Vehicle,28,19457.29,0,0.0
13,41,Male,South,Health,12,17861.53,0,0.0
14,53,Female,West,Property,25,17872.74,1,43599.71
15,57,Female,East,Vehicle,11,16753.9,1,47590.91
16,41,Female,North,Vehicle,2,15078.47,0,0.0
17,20,Female,North,Vehicle,15,17691.44,0,0.0
18,39,Male,North,Property,12,17367.26,0,0.0
19,19,Male,South,Life,12,13583.84,0,0.0
20,41,Male,West,Property,9,12705.59,0,0.0
21,61,Female,East,Health,21,15407.43,0,0.0
22,47,Male,West,Health,24,21196.08,0,0.0
23,55,Female,West,Property,2,10043.57,0,0.0
24,19,Female,West,Property,22,9129.9,1,18953.49
25,38,Male,North,Vehicle,3,15659.04,0,0.0
26,50,Male,East,Property,12,15203.55,0,0.0
27,29,Male,East,Vehicle,28,15693.37,0,0.0
28,39,Female,West,Health,26,15975.81,0,0.0
29,61,Male,North,Vehicle,16,14107.19,1,32678.69
30,42,Female,North,Property,21,20959.45,0,0.0
31,66,Male,East,Health,28,8596.38,0,0.0
32,44,Female,North,Life,24,11686.01,1,29199.64
33,59,Female,North,Vehicle,26,14586.98,0,0.0
34,45,Male,North,Health,1,8427.24,1,22138.86
35,33,Female,South,Vehicle,21,14296.58,0,0.0
36,32,Female,West,Health,3,21645.88,0,0.0
37,64,Male,East,Health,20,15083.55,0,0.0
38,68,Female,East,Vehicle,2,15922.8,0,0.0
39,61,Male,South,Life,9,9959.34,1,14828.14
40,69,Female,West,Health,19,12534.55,1,6671.38
41,20,Male,East,Health,15,13499.21,0,0.0
42,54,Male,North,Health,18,13729.14,0,0.0
43,68,Female,East,Life,26,20126.58,1,27255.8
44,24,Female,North,Life,11,17230.76,1,36459.21
45,38,Female,South,Property,25,10554.17,0,0.0
46,26,Female,North,Vehicle,23,15986.02,0,0.0
47,56,Female,East,Life,16,16992.89,0,0.0
48,35,Male,East,Vehicle,22,19560.6,1,29175.62
49,21,Female,East,Property,17,21322.16,0,0.0
50,42,Male,South,Vehicle,5,10939.62,0,0.0
51,31,Male,South,Life,12,11756.57,1,27670.9
52,67,Female,West,Vehicle,11,9969.69,0,0.0
53,26,Male,East,Life,15,14063.92,0,0.0
54,43,Male,North,Vehicle,27,16865.43,0,0.0
55,19,Male,South,Life,3,18949.34,0,0.0
56,37,Male,East,Life,1,14696.2,0,0.0
57,45,Female,East,Vehicle,20,13720.61,0,0.0
58,64,Male,South,Property,29,15607.03,0,0.0
59,24,Female,West,Health,16,11659.43,0,0.0
60,61,Female,South,Property,2,23358.15,1,28230.44
61,25,Male,South,Vehicle,2,8569.36,1,18144.33
62,64,Female,North,Property,3,15738.96,0,0.0
63,52,Female,North,Life,8,23094.42,0,0.0
64,31,Female,West,Health,24,15027.2,0,0.0
65,34,Male,East,Vehicle,28,14239.84,0,0.0
66,53,Female,South,Vehicle,15,13570.22,0,0.0
67,67,Female,West,Vehicle,7,14278.43,0,0.0
68,57,Female,North,Health,6,20491.39,0,0.0
69,21,Male,South,Life,9,6152.55,0,0.0
70,19,Female,East,Vehicle,20,21133.73,0,0.0
71,23,Male,North,Property,28,9304.17,0,0.0
72,59,Male,North,Vehicle,1,13933.39,0,0.0
73,21,Male,North,Vehicle,8,13283.02,0,0.0
74,46,Male,West,Vehicle,23,17354.21,0,0.0
75,35,Male,East,Vehicle,23,8607.5,1,8881.73
76,43,Male,South,Life,3,16848.69,1,39130.83
77,61,Female,West,Property,4,23097.24,0,0.0
78,51,Male,West,Life,26,9547.3,0,0.0
79,27,Female,West,Property,25,15758.82,0,0.0
80,53,Female,North,Vehicle,15,12352.07,0,0.0
81,31,Male,East,Health,6,16703.55,0,0.0
82,48,Female,West,Life,15,15076.59,1,26953.22
83,65,Female,South,Health,21,12434.05,0,0.0
84,32,Female,East,Life,3,16951.49,1,14357.26
85,25,Female,South,Vehicle,25,22217.39,0,0.0
86,31,Male,East,Life,21,14236.38,0,0.0
87,40,Female,South,Vehicle,21,17879.03,1,19197.71
88,57,Male,North,Life,14,9826.91,0,0.0
89,38,Female,West,Vehicle,20,11174.25,0,0.0
90,33,Female,South,Vehicle,14,16889.63,0,0.0
91,62,Male,East,Property,4,20936.46,0,0.0
92,35,Female,West,Vehicle,12,16422.45,1,38138.92
93,64,Female,West,Property,17,13747.77,0,0.0
94,41,Female,East,Vehicle,7,14997.17,1,24299.95
95,43,Male,South,Health,9,9998.37,1,10399.73
96,42,Female,North,Vehicle,3,17418.06,1,50707.61
97,62,Male,North,Health,28,18529.33,0,0.0
98,58,Female,South,Health,13,13191.64,0,0.0
99,46,Male,West,Vehicle,15,13119.83,1,29571.33
100,32,Male,West,Health,18,16063.51,0,0.0
101,62,Female,West,Property,19,13253.12,0,0.0
102,18,Female,West,Life,1,14735.47,0,0.0
103,42,Male,South,Vehicle,6,23398.89,0,0.0
104,24,Male,West,Health,27,14011.9,0,0.0
105,26,Female,East,Vehicle,27,13566.64,0,0.0
106,41,Male,West,Property,23,12409.83,0,0.0
107,18,Female,North,Vehicle,27,17976.77,1,51832.9
108,61,Female,West,Vehicle,27,14275.1,0,0.0
109,25,Female,South,Health,2,12402.51,1,18756.0
110,41,Female,North,Property,24,20285.22,0,0.0
111,28,Male,South,Life,14,20678.41,1,32097.46
112,68,Female,South,Life,6,12598.31,0,0.0
113,34,Male,North,Health,14,7533.84,1,20805.38
114,25,Female,South,Vehicle,4,19030.05,0,0.0
115,52,Male,South,Health,21,12261.48,1,21688.4
116,52,Female,West,Health,8,18162.5,0,0.0
117,50,Male,East,Health,3,7119.58,1,16570.19
118,22,Male,South,Vehicle,19,18570.39,1,17787.98
119,59,Female,South,Property,14,10155.31,0,0.0
120,56,Female,South,Health,27,17923.06,0,0.0
121,58,Female,West,Vehicle,20,15057.09,1,22945.57
122,45,Female,East,Property,17,11184.24,0,0.0
123,24,Male,North,Health,25,13371.85,1,9335.01
124,26,Female,West,Life,8,17745.27,0,0.0
125,25,Male,West,Property,24,15423.58,0,0.0
126,29,Male,East,Health,14,17337.65,1,14683.73
127,51,Female,East,Property,26,22905.76,0,0.0
128,50,Male,West,Property,6,8743.03,1,5020.03
129,65,Male,North,Property,23,21468.85,0,0.0
130,40,Male,West,Property,22,15417.42,0,0.0
131,41,Male,East,Property,16,11404.86,0,0.0
132,54,Female,North,Property,25,9678.75,0,0.0
133,52,Female,East,Health,19,14243.52,0,0.0
134,61,Female,North,Life,14,18686.6,0,0.0
135,57,Female,South,Vehicle,19,14489.8,0,0.0
136,39,Male,East,Property,3,21044.62,0,0.0
137,44,Male,East,Vehicle,10,9195.3,1,5886.84
138,52,Female,West,Health,19,14951.64,0,0.0
139,18,Female,East,Property,9,9990.43,0,0.0
140,52,Female,East,Life,28,16454.53,0,0.0
141,54,Male,South,Vehicle,20,18547.55,0,0.0
142,64,Female,East,Property,13,13316.95,1,39156.9
143,31,Female,South,Health,7,4583.14,0,0.0
144,20,Female,South,Life,14,15795.79,0,0.0
145,18,Male,South,Vehicle,9,16746.95,0,0.0
146,22,Male,South,Vehicle,27,16617.18,0,0.0
147,43,Male,North,Property,28,19943.13,1,18288.11
148,31,Male,West,Life,23,10715.79,0,0.0
149,56,Male,North,Life,25,17720.86,1,36946.76
150,44,Male,East,Life,28,19770.03,0,0.0
151,26,Male,North,Life,19,7885.65,0,0.0
152,32,Male,North,Health,15,16278.61,1,41782.63
153,32,Female,East,Life,20,12983.28,0,0.0
154,43,Female,East,Vehicle,14,14673.91,0,0.0
155,59,Male,East,Vehicle,24,16390.71,0,0.0
156,30,Male,North,Health,6,13051.09,0,0.0
157,68,Female,North,Vehicle,21,12297.17,0,0.0
158,49,Male,East,Vehicle,29,15136.61,0,0.0
159,56,Male,West,Life,4,10651.02,0,0.0
160,66,Male,West,Vehicle,8,10656.7,0,0.0
161,69,Female,South,Health,17,17717.49,0,0.0
162,49,Female,East,Life,9,10404.82,0,0.0
163,21,Female,South,Property,1,17665.25,0,0.0
164,47,Female,West,Life,24,16850.37,0,0.0
165,54,Female,South,Health,20,8096.77,1,15622.41
166,40,Male,East,Life,25,12289.74,0,0.0
167,56,Female,East,Life,14,19776.44,1,13320.24
168,62,Male,East,Health,11,11075.34,0,0.0
169,32,Male,North,Life,21,13142.38,0,0.0
170,60,Female,South,Health,3,16848.24,0,0.0
171,46,Female,West,Health,9,18133.56,0,0.0
172,53,Male,West,Property,27,13993.84,0,0.0
173,30,Male,West,Vehicle,14,12609.96,0,0.0
174,49,Male,North,Vehicle,9,20689.48,0,0.0
175,24,Female,North,Life,4,21955.6,1,49318.12
176,68,Female,East,Life,27,18915.43,0,0.0
177,39,Female,West,Property,4,15341.27,0,0.0
178,45,Female,North,Property,28,11766.94,1,23188.11
179,19,Female,East,Property,8,11678.22,0,0.0
180,59,Male,West,Health,2,17090.06,0,0.0
181,62,Female,South,Property,9,16673.59,0,0.0
182,23,Male,East,Property,29,20606.39,1,46549.05
183,45,Male,North,Life,14,17601.8,1,41798.05
184,45,Male,North,Property,22,8987.68,0,0.0
185,61,Female,East,Health,9,19207.79,0,0.0
186,61,Female,East,Health,24,11007.76,1,32334.2
187,37,Female,North,Life,23,13464.11,0,0.0
188,47,Male,South,Property,16,16000.8,0,0.0
189,28,Male,West,Property,29,22982.67,0,0.0
190,45,Male,South,Health,17,27439.67,0,0.0
191,42,Male,East,Property,16,17426.89,0,0.0
192,56,Male,South,Property,12,14267.21,0,0.0
193,50,Male,North,Property,3,17138.02,0,0.0
194,18,Female,East,Vehicle,11,18550.62,0,0.0
195,44,Female,West,Life,14,13717.33,1,25735.45
196,69,Female,North,Vehicle,18,22180.85,0,0.0
197,30,Female,North,Life,21,15920.28,0,0.0
198,58,Male,West,Health,21,16990.97,0,0.0
199,20,Male,West,Property,5,17663.7,0,0.0
200,56,Female,South,Life,16,16686.35,0,0.0
201,23,Male,East,Vehicle,20,18355.76,0,0.0
202,25,Female,West,Property,5,12530.99,1,16135.1
203,44,Female,West,Health,3,12766.79,1,26594.11
204,26,Female,East,Life,12,10599.38,0,0.0
205,54,Male,West,Life,1,16758.0,0,0.0
206,50,Female,West,Life,21,18115.75,0,0.0
207,68,Female,South,Property,29,16831.09,1,8113.59
208,59,Female,North,Vehicle,9,21697.97,1,58928.11
209,61,Male,North,Vehicle,29,14977.62,0,0.0
210,41,Male,North,Life,9,17674.97,0,0.0
211,32,Female,North,Health,4,10633.2,1,8211.3
212,49,Male,West,Health,3,13451.6,0,0.0
213,49,Male,East,Vehicle,17,17782.15,0,0.0
214,41,Male,East,Health,2,18396.41,0,0.0
215,58,Male,South,Vehicle,24,13824.13,0,0.0
216,69,Male,South,Life,1,14713.6,1,17832.03
217,66,Male,West,Vehicle,8,8928.51,1,22771.45
218,66,Male,East,Vehicle,13,13571.88,0,0.0
219,69,Male,East,Life,23,18561.53,0,0.0
220,29,Male,North,Health,15,17300.82,0,0.0
221,56,Male,West,Vehicle,8,17002.66,0,0.0
222,19,Female,West,Vehicle,12,15199.09,0,0.0
223,20,Female,North,Life,22,15028.25,0,0.0
224,66,Male,West,Health,12,12358.72,0,0.0
225,54,Female,West,Vehicle,14,17795.31,0,0.0
226,66,Female,South,Life,15,16683.89,0,0.0
227,34,Male,East,Vehicle,15,16968.08,0,0.0
228,66,Male,West,Property,9,12895.86,0,0.0
229,19,Male,South,Life,19,6386.63,0,0.0
230,19,Female,East,Health,26,19388.61,1,36756.61
231,45,Female,North,Health,20,13084.65,0,0.0
232,40,Male,South,Health,29,11548.9,0,0.0
233,54,Male,South,Health,22,17773.92,1,24021.16
234,49,Male,East,Vehicle,8,13431.95,1,21710.31
235,50,Female,North,Vehicle,21,19239.75,0,0.0
236,18,Female,South,Health,19,17468.02,1,45509.02
237,36,Female,West,Health,6,17734.28,0,0.0
238,19,Female,West,Health,20,9536.18,0,0.0
239,61,Male,West,Vehicle,25,19847.78,0,0.0
240,43,Male,North,Health,29,16045.0,0,0.0
241,49,Male,South,Health,19,13522.89,0,0.0
242,23,Male,West,Property,4,15573.55,0,0.0
243,49,Female,North,Property,23,7895.06,0,0.0
244,21,Female,West,Health,7,16634.61,0,0.0
245,28,Male,East,Life,28,10882.51,0,0.0
246,34,Male,South,Health,28,9589.32,0,0.0
247,55,Female,South,Property,4,8910.56,0,0.0
248,41,Male,North,Life,22,19450.75,1,23140.0
249,22,Female,North,Life,12,12482.95,1,33219.13
250,69,Male,South,Health,13,21134.91,1,10147.47
251,51,Male,West,Property,3,12856.79,0,0.0
252,23,Male,West,Property,22,8170.57,1,20156.67
253,39,Male,East,Life,12,10533.9,0,0.0
254,28,Male,West,Health,2,19943.25,0,0.0
255,65,Male,North,Vehicle,24,14376.41,0,0.0
256,33,Male,North,Vehicle,2,12806.85,0,0.0
257,50,Female,West,Property,27,15640.07,0,0.0
258,26,Female,North,Vehicle,23,17007.13,0,0.0
259,23,Female,South,Property,9,19469.6,1,50266.5
260,33,Female,South,Property,1,20794.0,0,0.0
261,46,Female,West,Property,8,13560.93,0,0.0
262,20,Male,South,Vehicle,23,9695.81,1,9379.52
263,37,Male,South,Property,6,13346.14,0,0.0
264,53,Female,East,Life,6,16041.12,0,0.0
265,36,Male,East,Health,22,11144.96,0,0.0
266,43,Female,South,Health,25,11171.4,0,0.0
267,20,Female,West,Property,18,16375.15,0,0.0
268,36,Male,East,Health,17,14805.39,0,0.0
269,37,Male,North,Vehicle,29,15131.19,0,0.0
270,49,Male,North,Vehicle,12,11966.02,0,0.0
271,24,Female,North,Health,6,14078.4,0,0.0
272,69,Male,West,Vehicle,26,11303.07,0,0.0
273,58,Female,South,Health,27,18560.79,0,0.0
274,50,Female,North,Health,8,19141.0,1,27560.06
275,57,Female,West,Health,19,7615.25,0,0.0
276,56,Male,East,Property,28,11281.96,0,0.0
277,35,Male,South,Health,10,9013.88,0,0.0
278,57,Female,East,Property,1,12399.9,0,0.0
279,18,Male,West,Health,25,14666.25,0,0.0
280,28,Male,North,Health,29,9201.42,0,0.0
281,45,Male,North,Health,13,11312.56,1,9789.18
282,42,Female,West,Vehicle,17,10984.17,1,24751.36
283,67,Female,North,Property,3,15829.07,0,0.0
284,40,Male,South,Property,8,15277.38,1,26859.4
285,48,Female,West,Health,14,12113.05,0,0.0
286,47,Male,East,Health,3,15707.28,0,0.0
287,59,Male,West,Vehicle,16,12813.28,0,0.0
288,52,Male,South,Vehicle,13,13913.38,0,0.0
289,24,Male,South,Vehicle,20,21693.81,1,43171.14
290,33,Female,West,Property,24,20361.84,0,0.0
291,43,Female,West,Property,17,9801.68,0,0.0
292,65,Female,North,Property,13,18318.93,1,14815.86
293,69,Male,South,Health,29,18245.59,0,0.0
294,66,Male,West,Property,6,10406.95,0,0.0
295,19,Male,West,Life,17,18275.11,0,0.0
296,18,Female,South,Life,14,21151.73,1,17377.64
297,65,Male,West,Vehicle,17,10509.82,1,6100.9
298,29,Female,North,Property,8,11329.99,0,0.0
299,22,Female,South,Life,11,19070.65,0,0.0
300,54,Female,North,Vehicle,20,16085.98,0,0.0
301,49,Female,North,Property,28,17205.91,1,20014.06
302,26,Female,North,Health,1,16362.36,0,0.0
303,58,Female,North,Life,26,16562.78,0,0.0
304,52,Male,South,Health,7,9694.11,1,18479.96
305,36,Male,North,Property,21,19189.27,0,0.0
306,65,Female,North,Life,21,19678.36,0,0.0
307,33,Female,West,Property,17,14082.44,0,0.0
308,20,Male,South,Health,10,14826.09,1,38869.79
309,37,Female,South,Life,11,8875.57,0,0.0
310,41,Female,East,Health,22,17057.02,0,0.0
311,50,Male,South,Property,9,17288.23,0,0.0
312,41,Female,South,Property,9,14751.24,0,0.0
313,69,Female,East,Health,24,19497.41,0,0.0
314,28,Female,South,Life,5,13663.69,0,0.0
315,66,Male,South,Health,17,17258.42,1,36195.7
316,25,Male,South,Property,9,10921.34,0,0.0
317,53,Male,South,Health,17,14905.79,0,0.0
318,55,Female,East,Property,24,14302.58,0,0.0
319,57,Female,South,Health,21,15901.23,0,0.0
320,37,Male,South,Life,19,13521.89,1,20485.16
321,52,Female,East,Life,27,14474.11,0,0.0
322,65,Female,West,Health,7,18304.19,0,0.0
323,42,Female,North,Health,23,13252.94,0,0.0
324,52,Female,West,Life,9,8573.69,0,0.0
325,42,Female,East,Property,7,21998.34,0,0.0
326,46,Male,North,Life,13,20525.82,0,0.0
327,35,Female,East,Property,11,9830.95,1,28344.63
328,63,Male,East,Health,14,17758.83,1,39722.63
329,35,Female,South,Health,19,12988.1,0,0.0
330,19,Male,North,Property,11,16053.95,1,45147.65
331,52,Female,South,Health,13,16176.9,0,0.0
332,33,Male,North,Property,14,14062.37,0,0.0
333,58,Female,East,Vehicle,13,11864.94,0,0.0
334,53,Male,East,Life,1,12237.84,0,0.0
335,50,Female,West,Vehicle,8,11335.23,0,0.0
336,21,Male,North,Property,12,11672.71,0,0.0
337,50,Female,South,Life,19,14731.29,0,0.0
338,31,Male,West,Property,12,12136.96,0,0.0
339,38,Male,West,Life,8,17728.21,0,0.0
340,65,Female,West,Life,8,20948.98,1,35519.35
341,37,Female,South,Life,29,12679.79,0,0.0
342,25,Male,West,Life,21,15957.62,0,0.0
343,24,Female,South,Property,13,16998.74,0,0.0
344,20,Male,West,Life,12,16888.01,0,0.0
345,34,Male,South,Life,29,15303.82,1,15592.15
346,50,Male,East,Vehicle,16,17970.73,0,0.0
347,65,Female,East,Health,1,16929.0,0,0.0
348,29,Male,East,Health,13,10049.35,1,6328.49
349,68,Male,East,Vehicle,26,18476.62,0,0.0
350,39,Female,East,Vehicle,7,18549.16,0,0.0
351,39,Female,West,Property,28,11946.86,0,0.0
352,63,Female,West,Property,26,15151.75,1,34373.94
353,47,Female,West,Property,5,17733.32,0,0.0
354,55,Male,South,Vehicle,8,14162.74,0,0.0
355,55,Male,South,Vehicle,25,19291.91,0,0.0
356,62,Male,South,Life,27,24455.49,0,0.0
357,68,Male,South,Property,14,11856.06,0,0.0
358,25,Female,East,Property,23,9475.82,0,0.0
359,44,Male,East,Property,13,16215.27,0,0.0
360,44,Male,East,Health,15,17886.25,1,10902.45
361,51,Female,North,Life,23,14076.53,1,16272.19
362,38,Male,West,Property,17,20813.04,0,0.0
363,47,Male,South,Property,15,9645.58,1,17745.62
364,50,Male,South,Property,20,17771.67,0,0.0
365,45,Male,East,Health,18,12576.56,0,0.0
366,64,Male,South,Health,18,21877.51,0,0.0
367,50,Male,South,Vehicle,2,22970.06,1,41071.97
368,22,Female,West,Life,4,11933.37,1,23498.03
369,65,Female,East,Vehicle,1,12801.77,0,0.0
370,36,Male,West,Life,4,18438.35,1,13365.15
371,21,Male,North,Health,18,13451.48,0,0.0
372,52,Female,North,Property,5,14818.36,1,19982.57
373,66,Male,North,Vehicle,19,15101.55,1,29875.8
374,34,Male,East,Property,15,7321.31,0,0.0
375,61,Male,South,Vehicle,28,14944.65,1,43631.72
376,45,Female,East,Health,8,12241.09,0,0.0
377,47,Male,East,Health,20,13027.51,0,0.0
378,46,Female,South,Health,17,20774.53,0,0.0
379,63,Male,West,Vehicle,1,9973.97,0,0.0
380,23,Female,North,Life,12,18252.82,1,41205.8
381,52,Female,West,Vehicle,26,13884.15,0,0.0
382,58,Male,North,Life,19,13880.96,0,0.0
383,54,Female,East,Vehicle,15,18161.49,1,50654.56
384,41,Male,North,Vehicle,9,16360.21,1,38598.79
385,46,Female,East,Health,7,17282.45,0,0.0
386,66,Male,West,Property,2,18872.74,1,35543.38
387,63,Male,East,Property,29,13674.77,0,0.0
388,48,Female,West,Life,9,12551.05,1,11270.17
389,52,Male,South,Property,10,10659.4,0,0.0
390,50,Male,South,Vehicle,2,11698.36,0,0.0
391,69,Female,South,Vehicle,19,26796.38,0,0.0
392,38,Male,East,Health,11,19978.72,0,0.0
393,49,Male,South,Health,13,9595.7,0,0.0
394,40,Female,North,Property,10,9710.17,0,0.0
395,50,Female,West,Life,14,16927.46,0,0.0
396,20,Male,West,Property,18,17189.06,1,36045.67
397,35,Male,North,Property,19,17195.54,0,0.0
398,42,Female,East,Property,22,13980.18,0,0.0
399,59,Female,East,Property,9,14498.18,0,0.0
400,48,Male,West,Vehicle,25,16311.52,0,0.0
401,20,Female,South,Life,7,15343.57,1,30577.71
402,57,Male,East,Vehicle,28,6122.8,1,13054.05
403,63,Male,East,Life,3,14080.8,0,0.0
404,41,Male,North,Health,20,11594.37,0,0.0
405,67,Male,North,Property,6,15700.85,1,25621.23
406,49,Male,South,Vehicle,27,26941.04,0,0.0
407,64,Female,East,Life,21,16469.93,1,28477.53
408,39,Female,East,Health,2,13745.88,0,0.0
409,40,Female,North,Health,29,18687.21,1,22077.18
410,19,Female,East,Property,6,16930.75,0,0.0
411,44,Male,West,Life,3,16680.38,0,0.0
412,59,Male,North,Vehicle,16,17427.4,1,29554.25
413,19,Male,South,Property,8,23226.17,0,0.0
414,43,Male,North,Vehicle,2,10476.45,0,0.0
415,34,Female,East,Health,17,16894.53,0,0.0
416,57,Male,South,Vehicle,9,11294.48,0,0.0
417,50,Male,North,Vehicle,12,17222.05,0,0.0
418,26,Female,West,Property,3,11325.25,0,0.0
419,60,Female,West,Vehicle,11,13330.53,0,0.0
420,65,Female,North,Property,1,13819.64,0,0.0
421,56,Female,West,Health,23,18903.27,1,15215.58
422,46,Male,West,Property,13,18673.82,0,0.0
423,59,Male,West,Property,15,10017.13,0,0.0
424,43,Female,South,Life,26,15219.74,0,0.0
425,52,Male,West,Vehicle,5,12161.68,0,0.0
426,67,Male,West,Health,21,9965.98,0,0.0
427,42,Male,West,Property,17,14131.93,0,0.0
428,41,Female,South,Health,25,13766.07,0,0.0
429,30,Male,North,Life,23,24706.87,0,0.0
430,24,Female,East,Vehicle,24,16731.84,0,0.0
431,53,Male,West,Property,25,9489.53,0,0.0
432,62,Male,North,Vehicle,6,12740.9,0,0.0
433,37,Male,West,Life,28,19085.53,0,0.0
434,18,Female,South,Life,21,23353.77,0,0.0
435,25,Male,North,Health,22,8656.07,0,0.0
436,63,Female,South,Property,11,7480.3,1,19042.97
437,33,Female,West,Health,18,22483.86,0,0.0
438,31,Female,West,Life,4,16558.46,0,0.0
439,29,Male,South,Vehicle,3,11526.83,0,0.0
440,68,Male,East,Health,13,17138.52,0,0.0
441,40,Male,South,Health,23,4457.01,0,0.0
442,32,Male,West,Vehicle,9,15013.5,0,0.0
443,45,Female,South,Health,21,16311.28,1,13161.9
444,51,Female,East,Vehicle,6,18697.08,0,0.0
445,19,Female,South,Property,26,10944.42,1,7364.89
446,49,Male,East,Vehicle,28,15342.75,0,0.0
447,40,Female,East,Property,12,11298.3,0,0.0
448,39,Male,South,Vehicle,2,16021.54,0,0.0
449,68,Female,South,Life,3,11418.61,0,0.0
450,42,Male,North,Life,3,13367.6,0,0.0
451,39,Male,West,Property,28,11016.74,0,0.0
452,39,Female,East,Property,12,17604.54,0,0.0
453,66,Female,North,Life,15,18433.8,1,26943.79
454,69,Female,South,Property,9,14061.52,1,29478.87
455,59,Female,West,Vehicle,23,15152.95,0,0.0
456,23,Male,North,Vehicle,8,9205.63,0,0.0
457,32,Female,East,Life,11,13801.29,0,0.0
458,60,Female,North,Health,16,14799.18,0,0.0
459,54,Female,East,Vehicle,26,25483.17,0,0.0
460,50,Male,South,Property,27,10552.13,0,0.0
461,25,Male,West,Health,25,20856.71,0,0.0
462,61,Female,West,Health,22,18987.44,0,0.0
463,61,Male,West,Vehicle,4,16122.55,1,23982.75
464,22,Female,South,Vehicle,28,22034.48,0,0.0
465,56,Male,East,Health,1,16488.42,1,17305.94
466,21,Male,South,Health,24,16556.64,0,0.0
467,23,Male,West,Life,7,14787.52,0,0.0
468,62,Male,South,Property,2,19894.28,0,0.0
469,49,Female,South,Life,24,19385.88,0,0.0
470,69,Female,South,Vehicle,28,12497.29,0,0.0
471,47,Female,East,Life,5,9723.01,0,0.0
472,64,Male,North,Life,7,14188.08,0,0.0
473,52,Female,North,Life,4,11799.85,0,0.0
474,57,Female,South,Life,5,14745.9,0,0.0
475,69,Female,North,Property,24,19949.75,0,0.0
476,33,Male,North,Property,1,13170.79,0,0.0
477,30,Male,South,Health,1,14828.71,0,0.0
478,67,Male,South,Vehicle,15,15232.09,0,0.0
479,59,Female,West,Life,20,18393.72,0,0.0
480,47,Female,North,Health,19,6012.44,1,12277.06
481,36,Female,East,Health,29,12573.2,0,0.0
482,34,Male,South,Health,10,15845.13,1,19759.88
483,36,Male,West,Property,28,19800.32,0,0.0
484,45,Female,East,Life,18,13032.39,0,0.0
485,43,Male,North,Life,28,7493.79,0,0.0
486,54,Male,West,Vehicle,3,17478.85,0,0.0
487,43,Male,South,Life,11,12458.55,0,0.0
488,40,Male,East,Life,15,10241.33,1,28997.08
489,26,Female,South,Health,27,12502.62,0,0.0
490,29,Male,North,Vehicle,11,14261.9,0,0.0
491,18,Male,East,Life,17,12581.02,0,0.0
492,18,Male,North,Property,17,6177.74,1,17486.36
493,64,Male,North,Life,6,18588.26,0,0.0
494,51,Female,West,Health,5,20099.5,0,0.0
495,49,Female,South,Property,8,17606.09,0,0.0
496,65,Male,East,Health,2,10449.26,1,18236.38
497,42,Male,North,Life,16,14194.03,1,17322.57
498,57,Male,North,Property,20,14973.91,0,0.0
499,62,Male,East,Vehicle,24,17395.18,1,39781.99
500,18,Male,North,Vehicle,12,17673.36,1,6762.96
501,33,Male,West,Property,6,12063.3,0,0.0
502,56,Female,West,Property,1,15327.98,0,0.0
503,22,Male,West,Health,4,16829.12,0,0.0
504,39,Female,West,Property,17,20823.29,1,32284.91
505,46,Female,North,Health,13,17818.03,0,0.0
506,20,Male,East,Life,18,18156.23,1,21637.48
507,29,Female,East,Health,5,15335.31,0,0.0
508,43,Female,East,Property,24,20641.84,1,57401.98
509,33,Female,East,Property,24,16639.05,0,0.0
510,68,Female,South,Life,27,11555.65,0,0.0
511,54,Female,East,Property,3,20613.48,1,5682.26
512,39,Female,South,Property,11,17791.61,1,31742.33
513,46,Male,South,Vehicle,13,13227.82,1,30688.78
514,31,Female,West,Vehicle,4,13082.03,0,0.0
515,45,Female,South,Life,26,16186.3,0,0.0
516,22,Female,North,Health,27,16852.74,0,0.0
517,64,Male,South,Vehicle,14,15789.17,0,0.0
518,66,Female,West,Health,22,16245.23,0,0.0
519,47,Male,South,Property,11,21799.83,0,0.0
520,63,Female,North,Vehicle,27,19286.17,0,0.0
521,69,Male,North,Life,10,15762.54,1,25510.26
522,22,Male,North,Life,19,18765.24,0,0.0
523,29,Female,West,Life,18,10869.9,0,0.0
524,33,Female,West,Vehicle,6,16591.71,0,0.0
525,43,Male,East,Health,27,22237.23,0,0.0
526,43,Female,West,Property,29,14127.82,0,0.0
527,65,Male,North,Health,15,11609.46,1,7547.43
528,38,Male,North,Health,21,12391.64,1,36288.87
529,56,Male,West,Property,10,10641.47,1,18947.13
530,53,Male,South,Property,5,11860.95,1,23783.57
531,50,Male,West,Vehicle,26,13517.97,0,0.0
532,47,Female,West,Vehicle,29,9377.73,0,0.0
533,54,Male,North,Vehicle,5,15062.47,0,0.0
534,40,Male,East,Vehicle,10,18609.11,0,0.0
535,27,Female,North,Vehicle,28,11368.98,0,0.0
536,22,Male,East,Property,5,21077.14,0,0.0
537,53,Female,North,Health,3,17043.17,0,0.0
538,51,Female,West,Vehicle,23,19122.32,0,0.0
539,69,Female,North,Vehicle,6,12368.66,0,0.0
540,48,Male,North,Health,4,18418.1,0,0.0
541,27,Male,North,Vehicle,18,10632.26,0,0.0
542,36,Male,West,Health,28,18560.99,0,0.0
543,49,Female,West,Health,9,15687.36,0,0.0
544,18,Male,West,Property,17,17213.0,1,16035.24
545,22,Female,West,Life,29,10297.62,0,0.0
546,62,Male,East,Property,13,11419.72,0,0.0
547,21,Female,East,Life,27,17388.91,1,27805.02
548,33,Male,South,Life,15,11206.61,0,0.0
549,41,Male,West,Life,20,16852.83,0,0.0
550,33,Male,East,Vehicle,17,9531.45,0,0.0
551,19,Female,North,Property,13,18392.7,0,0.0
552,66,Female,West,Life,16,10069.91,1,15818.74
553,45,Male,South,Health,22,17209.2,1,8492.21
554,49,Male,South,Vehicle,4,17502.52,0,0.0
555,44,Female,South,Property,5,12212.91,0,0.0
556,37,Female,North,Life,5,17328.11,0,0.0
557,41,Female,East,Health,9,16041.77,0,0.0
558,29,Male,North,Property,17,12844.63,0,0.0
559,67,Female,West,Property,13,10965.78,0,0.0
560,52,Male,South,Vehicle,2,7149.5,0,0.0
561,50,Female,North,Property,13,16398.6,0,0.0
562,50,Male,North,Vehicle,22,8740.79,0,0.0
563,68,Female,East,Life,21,15381.38,0,0.0
564,60,Female,East,Vehicle,27,13946.21,0,0.0
565,54,Female,South,Health,23,17716.57,1,10111.59
566,29,Female,North,Vehicle,19,13791.82,0,0.0
567,20,Female,North,Health,3,13682.21,0,0.0
568,18,Male,East,Vehicle,10,17927.48,1,45853.95
569,50,Female,North,Property,2,16340.23,0,0.0
570,57,Female,North,Life,13,16264.62,0,0.0
571,27,Female,North,Health,19,16877.07,0,0.0
572,60,Male,East,Vehicle,26,8857.71,0,0.0
573,61,Female,South,Vehicle,17,18027.15,0,0.0
574,46,Male,West,Vehicle,21,17449.88,0,0.0
575,30,Female,South,Property,14,10933.27,0,0.0
576,29,Female,West,Property,12,14023.68,1,13890.38
577,48,Male,North,Health,21,14842.77,0,0.0
578,63,Female,South,Health,12,14462.01,0,0.0
579,19,Male,West,Property,11,16335.44,1,13579.4
580,68,Male,East,Health,7,20725.47,0,0.0
581,67,Female,East,Life,4,19327.07,1,31750.82
582,52,Male,South,Life,19,9751.12,0,0.0
583,40,Female,South,Property,1,17488.28,1,41488.46
584,34,Female,North,Health,28,20315.73,0,0.0
585,43,Male,South,Vehicle,24,16547.23,1,7765.4
586,25,Male,North,Life,29,19363.92,1,35623.75
587,46,Male,North,Property,3,23049.08,0,0.0
588,43,Male,East,Health,13,19094.84,0,0.0
589,27,Female,East,Property,15,15997.23,0,0.0
590,43,Female,West,Vehicle,2,19180.35,0,0.0
591,51,Male,East,Life,11,15579.55,0,0.0
592,68,Female,East,Property,4,15095.61,0,0.0
593,58,Female,South,Property,19,13594.34,0,0.0
594,24,Female,East,Property,29,21253.65,0,0.0
595,21,Female,West,Vehicle,17,11726.29,0,0.0
596,67,Male,South,Property,3,21129.47,0,0.0
597,62,Male,West,Vehicle,28,16999.46,0,0.0
598,28,Female,East,Vehicle,18,9402.78,0,0.0
599,46,Male,West,Vehicle,8,16470.6,0,0.0
600,53,Male,South,Life,22,6599.89,0,0.0
601,42,Male,North,Life,25,17502.03,0,0.0
602,38,Female,West,Property,24,18540.93,0,0.0
603,53,Female,West,Property,26,12630.58,0,0.0
604,27,Female,South,Life,19,15494.19,1,9945.16
605,54,Male,South,Health,5,22816.63,0,0.0
606,26,Female,West,Life,7,12977.01,0,0.0
607,41,Female,East,Vehicle,21,10764.37,0,0.0
608,52,Male,West,Life,8,20926.65,1,7106.72
609,66,Female,South,Vehicle,28,22850.35,1,8351.93
610,52,Female,North,Property,5,15014.78,0,0.0
611,65,Male,North,Health,17,19045.85,0,0.0
612,53,Male,East,Property,5,20365.9,1,51794.69
613,35,Male,West,Vehicle,4,12030.06,0,0.0
614,66,Female,North,Vehicle,22,13058.78,0,0.0
615,56,Female,West,Vehicle,19,19923.5,0,0.0
616,49,Female,South,Health,27,21740.06,0,0.0
617,41,Male,North,Life,21,17251.52,1,10515.75
618,40,Male,East,Property,2,11480.74,1,6329.36
619,49,Female,South,Property,11,22948.24,1,32957.6
620,54,Female,East,Life,22,12876.12,0,0.0
621,29,Male,South,Property,13,13659.45,1,35365.49
622,66,Male,North,Health,15,16369.35,0,0.0
623,30,Male,East,Property,12,21216.64,0,0.0
624,40,Male,East,Vehicle,22,18415.9,1,18185.42
625,42,Female,South,Life,21,16659.46,0,0.0
626,52,Male,East,Health,22,16853.15,0,0.0
627,58,Female,South,Life,11,15174.06,0,0.0
628,47,Female,South,Health,7,17232.56,1,24693.0
629,34,Female,South,Vehicle,28,4881.76,0,0.0
630,66,Male,South,Life,5,13813.57,0,0.0
631,37,Male,North,Property,17,15965.29,0,0.0
632,65,Male,South,Health,24,10395.94,1,6045.48
633,42,Male,West,Life,20,16545.29,1,25045.01
634,39,Female,East,Property,9,14182.12,0,0.0
635,30,Male,West,Life,14,22021.9,0,0.0
636,36,Male,North,Life,26,21292.08,0,0.0
637,66,Female,West,Life,12,13136.78,1,24875.86
638,53,Male,East,Health,6,14396.65,0,0.0
639,29,Female,West,Property,17,14704.21,1,27329.68
640,58,Female,North,Vehicle,19,13193.36,0,0.0
641,36,Female,South,Health,19,15780.1,1,19075.05
642,29,Female,West,Health,26,11966.87,1,14750.17
643,26,Female,North,Health,16,10477.54,0,0.0
644,24,Female,North,Vehicle,12,17490.84,1,10061.69
645,45,Female,East,Property,12,17518.12,0,0.0
646,31,Female,East,Property,20,11782.74,0,0.0
647,48,Male,West,Property,6,18581.42,0,0.0
648,69,Male,South,Life,23,12473.69,1,16891.99
649,36,Male,North,Life,26,16012.66,0,0.0
650,64,Male,West,Life,4,18281.38,0,0.0
651,33,Female,North,Vehicle,6,14865.55,0,0.0
652,22,Male,North,Life,11,16818.96,0,0.0
653,52,Female,South,Vehicle,1,12934.28,0,0.0
654,29,Male,South,Property,24,14214.13,0,0.0
655,42,Male,West,Life,23,14176.56,1,8734.0
656,69,Male,South,Life,15,12013.69,0,0.0
657,38,Female,South,Health,27,14292.9,0,0.0
658,53,Male,West,Vehicle,11,8805.53,0,0.0
659,40,Female,South,Property,25,13035.39,0,0.0
660,33,Female,East,Health,19,13860.5,1,33043.23
661,56,Male,North,Health,18,13975.28,1,40680.49
662,62,Male,North,Property,17,14034.01,0,0.0
663,59,Male,North,Health,19,14752.94,1,43083.98
664,56,Female,North,Vehicle,21,16917.77,1,44579.87
665,31,Male,West,Vehicle,14,18498.07,1,35336.52
666,48,Female,North,Life,27,12400.94,0,0.0
667,22,Female,North,Health,18,10187.2,1,22915.25
668,52,Male,North,Life,28,10831.82,0,0.0
669,40,Male,North,Health,19,13051.19,0,0.0
670,46,Female,East,Vehicle,15,13592.31,0,0.0
671,60,Female,North,Vehicle,15,11920.02,0,0.0
672,28,Female,East,Vehicle,4,9815.53,0,0.0
673,35,Male,West,Health,7,13175.52,0,0.0
674,64,Female,South,Vehicle,13,15725.71,0,0.0
675,29,Male,North,Health,3,17380.12,1,18444.7
676,26,Female,South,Life,16,12770.31,1,26011.55
677,27,Female,South,Health,9,13348.01,0,0.0
678,61,Male,West,Life,8,11293.21,1,18158.99
679,34,Female,South,Health,20,14874.24,1,24098.84
680,55,Male,East,Life,13,11606.29,1,27596.04
681,24,Male,South,Vehicle,17,17292.51,0,0.0
682,63,Female,South,Life,17,7856.53,0,0.0
683,30,Male,South,Vehicle,17,13561.48,1,15060.1
684,57,Male,North,Vehicle,1,16204.43,0,0.0
685,59,Female,North,Life,8,15735.34,0,0.0
686,26,Male,East,Health,19,25772.13,0,0.0
687,67,Male,East,Health,6,16399.2,0,0.0
688,44,Male,North,Property,3,10983.78,0,0.0
689,19,Female,East,Health,27,14618.14,0,0.0
690,22,Male,North,Property,5,7895.01,0,0.0
691,46,Female,West,Health,13,14677.6,1,17413.98
692,54,Female,South,Health,15,11667.78,1,32742.34
693,55,Male,South,Vehicle,14,18661.56,0,0.0
694,36,Male,East,Property,29,12801.84,1,6878.2
695,25,Male,North,Health,23,14532.94,0,0.0
696,65,Female,North,Property,16,12457.77,0,0.0
697,62,Male,East,Vehicle,18,21955.41,1,34558.73
698,18,Male,North,Vehicle,22,13715.03,1,37993.27
699,39,Male,West,Property,29,22330.23,1,42836.82
700,69,Male,South,Vehicle,22,18256.61,0,0.0
701,34,Male,East,Life,11,16928.27,1,30017.14
702,24,Female,East,Life,3,16474.93,0,0.0
703,42,Female,North,Vehicle,22,16575.19,1,16169.95
704,62,Male,East,Life,10,7289.31,1,10790.35
705,21,Male,West,Health,10,13884.47,0,0.0
706,53,Male,North,Property,21,18380.63,0,0.0
707,23,Male,North,Health,16,14804.41,1,38581.98
708,48,Female,North,Property,12,9379.24,0,0.0
709,36,Male,North,Vehicle,2,14790.38,0,0.0
710,61,Female,West,Health,9,21816.42,1,38804.32
711,56,Female,North,Vehicle,24,19987.57,0,0.0
712,44,Male,East,Vehicle,3,14751.98,1,25206.69
713,27,Female,West,Property,24,18805.8,0,0.0
714,43,Female,South,Property,25,13533.97,0,0.0
715,36,Female,South,Property,15,8184.51,1,6947.13
716,56,Female,East,Health,3,11302.14,0,0.0
717,20,Male,East,Life,19,21251.56,0,0.0
718,62,Male,West,Property,18,13904.03,1,5588.43
719,30,Female,South,Property,8,14026.46,0,0.0
720,67,Male,South,Health,26,13800.65,0,0.0
721,45,Male,South,Property,17,22616.55,0,0.0
722,37,Male,South,Health,8,21503.84,1,62350.37
723,45,Male,South,Vehicle,7,23875.12,1,30116.84
724,25,Male,North,Property,7,14363.82,1,27977.27
725,58,Female,East,Property,3,16182.5,0,0.0
726,56,Male,North,Vehicle,1,8933.43,1,6737.81
727,18,Male,South,Vehicle,4,20907.74,0,0.0
728,20,Male,West,Vehicle,25,10328.88,0,0.0
729,30,Male,West,Property,5,15867.1,0,0.0
730,45,Female,South,Life,1,10610.79,1,23329.58
731,66,Female,South,Life,15,12644.53,1,35712.77
732,42,Female,West,Life,5,11650.95,0,0.0
733,50,Female,North,Property,13,12568.5,0,0.0
734,55,Male,North,Vehicle,8,12843.51,1,24302.36
735,23,Female,South,Property,8,12806.92,0,0.0
736,61,Male,North,Vehicle,5,18333.34,1,11305.77
737,62,Male,West,Property,28,10580.55,0,0.0
738,49,Male,North,Property,9,15882.17,0,0.0
739,62,Male,South,Vehicle,1,19871.84,0,0.0
740,64,Male,West,Life,4,12947.21,0,0.0
741,38,Female,North,Vehicle,3,12128.32,1,23257.31
742,33,Female,East,Health,2,14077.9,0,0.0
743,38,Female,West,Health,8,19718.9,1,46502.84
744,28,Female,West,Vehicle,23,15776.43,0,0.0
745,54,Male,East,Property,9,12875.14,0,0.0
746,53,Female,East,Health,2,16935.51,0,0.0
747,52,Male,West,Health,14,10590.83,0,0.0
748,36,Female,East,Property,14,17725.44,1,24579.65
749,37,Male,South,Property,4,16634.43,0,0.0
750,35,Male,South,Life,6,13768.77,0,0.0
751,64,Female,South,Property,11,11645.66,0,0.0
752,58,Male,West,Vehicle,3,11453.28,0,0.0
753,66,Male,East,Vehicle,8,17139.27,0,0.0
754,31,Female,East,Life,3,19915.92,1,53169.15
755,32,Male,North,Health,14,12450.77,0,0.0
756,48,Female,North,Health,28,16833.55,0,0.0
757,18,Female,East,Property,13,6651.89,0,0.0
758,20,Female,East,Vehicle,13,12661.53,1,26396.54
759,33,Male,East,Health,2,14875.76,0,0.0
760,40,Male,West,Life,13,11361.27,0,0.0
761,28,Male,East,Life,29,11253.97,0,0.0
762,29,Female,North,Vehicle,19,12328.88,0,0.0
763,27,Male,West,Life,27,16168.77,0,0.0
764,49,Female,East,Life,6,14250.68,0,0.0
765,33,Female,North,Vehicle,16,6047.08,1,16817.25
766,25,Male,West,Property,2,6517.2,0,0.0
767,55,Female,East,Property,8,12572.54,1,25399.61
768,29,Male,East,Life,17,16830.75,0,0.0
769,41,Male,East,Property,23,4009.98,0,0.0
770,45,Male,West,Property,2,13001.08,0,0.0
771,25,Male,North,Life,10,12895.01,0,0.0
772,45,Male,North,Property,28,20553.35,1,12438.78
773,53,Female,South,Life,16,13459.91,0,0.0
774,43,Female,East,Health,6,16531.96,0,0.0
775,25,Female,South,Vehicle,28,15565.03,0,0.0
776,67,Male,South,Vehicle,2,6477.73,1,9469.84
777,45,Male,North,Property,2,18072.83,0,0.0
778,45,Male,West,Property,26,15861.59,1,13593.39
779,54,Female,West,Property,13,17033.07,0,0.0
780,58,Male,North,Vehicle,24,30704.95,0,0.0
781,53,Female,West,Health,15,6663.55,0,0.0
782,44,Female,South,Health,28,21898.79,0,0.0
783,34,Male,East,Vehicle,2,13850.21,0,0.0
784,26,Male,North,Health,7,16149.32,0,0.0
785,50,Female,East,Vehicle,3,14817.95,1,40856.7
786,37,Male,West,Health,8,13303.05,1,31544.92
787,30,Female,East,Life,23,12720.67,1,27430.73
788,45,Male,West,Life,14,16318.03,0,0.0
789,65,Male,West,Vehicle,24,8931.31,0,0.0
790,46,Female,South,Health,23,18002.32,0,0.0
791,30,Male,West,Property,27,13335.22,1,15535.52
792,63,Female,South,Health,22,10479.72,1,9865.99
793,52,Male,South,Life,29,13199.95,0,0.0
794,23,Female,South,Life,7,20028.6,0,0.0
795,35,Female,North,Health,21,12858.66,0,0.0
796,68,Male,North,Health,7,16433.81,0,0.0
797,22,Female,West,Property,1,12076.17,0,0.0
798,64,Male,South,Property,17,18031.69,0,0.0
799,42,Male,North,Health,9,17742.03,1,41480.68
800,19,Male,South,Health,21,22394.44,0,0.0
801,27,Female,East,Health,13,14297.74,0,0.0
802,47,Female,East,Health,21,17674.62,1,27770.89
803,67,Male,East,Vehicle,19,15392.27,0,0.0
804,62,Male,West,Health,21,20183.49,0,0.0
805,22,Female,South,Property,19,12124.67,0,0.0
806,50,Male,East,Life,25,17980.02,0,0.0
807,18,Male,North,Vehicle,25,14221.21,0,0.0
808,35,Female,East,Health,22,14743.25,1,13857.67
809,49,Male,East,Life,17,15367.01,0,0.0
810,64,Female,East,Vehicle,23,16008.96,0,0.0
811,66,Male,West,Life,23,14535.08,0,0.0
812,28,Female,North,Health,10,15858.85,0,0.0
813,38,Male,South,Health,10,21312.47,1,41342.1
814,43,Male,North,Property,4,18941.8,1,7090.32
815,42,Female,South,Health,8,18476.62,0,0.0
816,39,Male,West,Health,22,13177.84,1,16263.81
817,44,Female,West,Vehicle,20,11443.04,0,0.0
818,66,Male,West,Property,20,18821.2,1,29113.63
819,30,Female,West,Vehicle,18,18504.19,0,0.0
820,50,Female,South,Life,14,20890.68,1,13533.06
821,51,Female,East,Health,18,12584.08,1,37249.64
822,58,Female,South,Life,28,14081.81,0,0.0
823,52,Male,North,Vehicle,14,8442.06,0,0.0
824,18,Male,West,Health,20,13430.12,1,12379.12
825,38,Female,West,Health,21,18986.28,1,11773.0
826,65,Female,North,Vehicle,24,13134.02,0,0.0
827,23,Female,South,Vehicle,15,17561.92,1,14705.72
828,45,Male,East,Vehicle,22,14237.99,0,0.0
829,34,Male,East,Vehicle,4,16296.23,0,0.0
830,22,Male,North,Vehicle,13,10409.23,0,0.0
831,48,Male,East,Health,27,15340.84,0,0.0
832,22,Female,South,Vehicle,23,3035.46,1,8158.06
833,55,Female,South,Health,8,14252.42,0,0.0
834,20,Female,North,Health,18,8478.11,1,13694.92
835,40,Male,South,Vehicle,12,19823.98,0,0.0
836,54,Male,West,Vehicle,23,18109.63,0,0.0
837,54,Male,North,Property,14,16866.68,0,0.0
838,27,Female,South,Health,2,21084.02,0,0.0
839,27,Female,North,Vehicle,18,11204.33,0,0.0
840,36,Male,East,Vehicle,24,21989.45,0,0.0
841,34,Female,South,Vehicle,2,18728.77,0,0.0
842,38,Male,West,Property,11,14053.78,0,0.0
843,31,Male,South,Property,9,19542.48,0,0.0
844,26,Female,North,Life,12,10574.83,0,0.0
845,63,Male,North,Health,17,11701.94,1,22022.31
846,18,Female,South,Life,15,12565.64,1,5686.93
847,68,Male,West,Vehicle,25,12884.09,0,0.0
848,62,Female,West,Property,17,10773.77,0,0.0
849,30,Female,West,Property,26,19892.33,0,0.0
850,21,Female,North,Life,29,13964.58,1,6270.3
851,18,Male,South,Property,26,16410.02,0,0.0
852,66,Male,East,Vehicle,18,12718.59,0,0.0
853,57,Female,North,Property,22,7717.59,0,0.0
854,49,Female,West,Life,6,16080.23,0,0.0
855,51,Male,South,Vehicle,17,7350.98,0,0.0
856,45,Male,West,Life,23,14725.46,1,22465.83
857,48,Male,East,Property,24,9526.74,0,0.0
858,25,Female,West,Life,18,22949.1,0,0.0
859,56,Male,West,Life,8,18645.45,0,0.0
860,43,Male,East,Health,9,15423.02,0,0.0
861,51,Female,South,Property,6,20054.83,1,50050.37
862,20,Male,North,Property,5,11614.74,0,0.0
863,67,Male,South,Life,12,17173.92,1,46182.87
864,29,Male,East,Health,25,15799.24,0,0.0
865,18,Female,West,Property,29,16056.08,0,0.0
866,61,Female,South,Vehicle,28,20089.41,1,9792.12
867,22,Female,North,Life,11,17929.97,0,0.0
868,47,Female,East,Property,25,16154.89,1,28399.77
869,47,Female,South,Vehicle,1,8380.45,0,0.0
870,34,Female,North,Property,11,11159.81,1,31008.26
871,65,Female,East,Vehicle,19,14509.16,0,0.0
872,64,Male,North,Life,9,15373.49,0,0.0
873,40,Male,East,Property,27,10479.19,1,15257.06
874,32,Female,West,Property,2,24646.71,1,62190.38
875,54,Male,South,Health,12,21065.58,1,12780.65
876,38,Male,North,Life,4,17408.47,1,49174.39
877,31,Female,East,Vehicle,4,15288.15,1,35706.5
878,19,Male,North,Property,18,14151.16,0,0.0
879,28,Male,North,Property,15,11192.33,0,0.0
880,68,Male,South,Vehicle,19,15309.92,0,0.0
881,56,Male,West,Life,13,16031.01,0,0.0
882,55,Male,North,Health,19,10032.96,0,0.0
883,51,Female,East,Health,17,16336.71,0,0.0
884,55,Female,East,Property,6,14378.96,0,0.0
885,67,Female,West,Vehicle,16,7368.77,0,0.0
886,51,Male,East,Property,24,11558.46,0,0.0
887,35,Female,West,Vehicle,12,13345.58,0,0.0
888,47,Male,East,Health,19,22550.75,0,0.0
889,32,Male,South,Life,5,17226.21,1,48940.2
890,44,Male,North,Vehicle,17,9658.07,1,21221.36
891,68,Male,South,Health,26,16944.15,0,0.0
892,51,Female,North,Property,23,8810.78,0,0.0
893,69,Female,North,Vehicle,26,19330.76,0,0.0
894,55,Male,North,Life,29,13115.5,0,0.0
895,50,Female,South,Property,1,14625.46,0,0.0
896,41,Male,North,Property,28,20303.19,0,0.0
897,32,Female,South,Health,27,9851.35,0,0.0
898,47,Female,West,Vehicle,25,9411.53,0,0.0
899,59,Male,East,Property,24,12665.6,1,16991.17
900,68,Female,East,Life,23,19153.52,1,54217.51
901,34,Male,North,Vehicle,10,8922.62,0,0.0
902,22,Female,South,Life,15,3671.38,0,0.0
903,46,Male,East,Property,23,13195.36,0,0.0
904,21,Male,South,Life,21,17206.96,0,0.0
905,27,Female,South,Health,21,19801.05,1,19991.7
906,34,Female,North,Life,11,13147.35,0,0.0
907,27,Male,East,Vehicle,13,13354.29,1,16646.92
908,34,Female,North,Life,5,19615.6,0,0.0
909,37,Female,North,Life,1,7521.03,1,17308.36
910,41,Male,East,Health,24,13445.92,0,0.0
911,22,Male,East,Life,12,15761.7,1,37361.48
912,51,Female,West,Life,11,16796.87,0,0.0
913,23,Male,West,Property,17,12960.77,0,0.0
914,19,Male,South,Property,4,15137.76,0,0.0
915,30,Male,East,Vehicle,15,5046.69,0,0.0
916,60,Female,West,Property,25,12367.01,1,34834.81
917,60,Female,South,Property,9,16814.03,1,14306.65
918,65,Male,South,Property,21,11070.82,1,27513.49
919,28,Female,South,Property,20,15235.94,0,0.0
920,68,Male,West,Health,19,16787.49,1,38502.27
921,64,Female,East,Property,19,13629.8,0,0.0
922,40,Male,North,Health,12,15681.86,0,0.0
923,33,Male,South,Health,5,11149.07,0,0.0
924,48,Female,West,Property,10,14173.55,0,0.0
925,28,Male,West,Life,17,17440.86,0,0.0
926,33,Female,North,Health,5,15627.89,0,0.0
927,25,Female,North,Life,22,12653.87,0,0.0
928,21,Male,West,Life,16,15896.87,1,7723.43
929,57,Male,East,Property,7,17858.44,0,0.0
930,21,Female,North,Vehicle,28,6800.23,0,0.0
931,42,Male,West,Property,9,19636.3,0,0.0
932,20,Male,North,Vehicle,3,13654.98,0,0.0
933,49,Male,East,Vehicle,15,16701.96,0,0.0
934,20,Male,South,Property,16,19788.99,0,0.0
935,44,Male,North,Property,18,9513.31,0,0.0
936,46,Female,East,Vehicle,14,12162.24,0,0.0
937,49,Female,West,Property,3,13845.81,0,0.0
938,67,Male,North,Vehicle,12,11864.99,1,16847.08
939,68,Male,North,Life,9,21939.75,0,0.0
940,36,Male,West,Property,28,11572.91,0,0.0
941,38,Female,South,Life,7,12777.81,1,14425.54
942,22,Male,West,Health,9,15817.56,0,0.0
943,35,Female,North,Life,13,10191.4,0,0.0
944,45,Female,West,Life,18,13417.28,1,15733.85
945,59,Female,East,Vehicle,5,16269.81,0,0.0
946,39,Male,West,Life,13,13668.56,0,0.0
947,38,Female,North,Property,4,14626.45,0,0.0
948,23,Male,West,Vehicle,2,12882.67,0,0.0
949,18,Female,South,Health,16,8942.12,0,0.0
950,22,Male,West,Property,9,16286.37,0,0.0
951,58,Female,South,Health,9,22019.73,0,0.0
952,29,Male,East,Life,6,15073.61,0,0.0
953,43,Female,South,Property,11,15901.06,0,0.0
954,63,Male,West,Property,22,17770.89,0,0.0
955,51,Male,North,Health,24,9922.68,0,0.0
956,66,Male,South,Property,22,21810.06,0,0.0
957,31,Male,East,Property,1,15809.32,0,0.0
958,43,Female,South,Property,4,21527.43,1,63566.23
959,62,Female,South,Life,13,12067.87,0,0.0
960,44,Male,South,Health,23,22272.25,0,0.0
961,26,Female,East,Property,13,18100.62,0,0.0
962,43,Male,West,Vehicle,13,17212.16,0,0.0
963,64,Male,South,Vehicle,2,15936.1,1,32516.21
964,39,Female,South,Vehicle,9,14005.89,0,0.0
965,64,Male,North,Vehicle,24,19802.13,1,44046.17
966,47,Male,East,Life,8,15561.44,0,0.0
967,60,Female,South,Property,7,7131.72,1,21011.8
968,65,Male,East,Health,4,10531.25,0,0.0
969,34,Male,South,Property,18,14256.62,1,19246.86
970,43,Male,West,Life,3,16240.0,0,0.0
971,53,Male,West,Vehicle,28,14773.65,0,0.0
972,18,Female,South,Life,6,19875.88,0,0.0
973,25,Female,West,Property,12,7195.59,0,0.0
974,66,Female,South,Health,12,15574.35,1,38455.22
975,52,Male,West,Life,21,7728.08,0,0.0
976,69,Male,North,Health,28,18038.85,0,0.0
977,32,Female,North,Life,8,14622.17,1,21888.7
978,64,Male,North,Health,22,16678.44,0,0.0
979,39,Male,East,Health,22,11544.47,1,30767.25
980,31,Male,East,Vehicle,1,20117.86,1,15000.04
981,43,Male,North,Health,4,19166.9,0,0.0
982,45,Female,East,Vehicle,21,17334.18,1,49543.66
983,40,Female,West,Property,28,14481.93,0,0.0
984,31,Female,South,Property,11,17319.43,0,0.0
985,41,Male,South,Vehicle,3,12172.43,0,0.0
986,19,Female,South,Vehicle,13,18422.22,0,0.0
987,62,Female,North,Life,25,21597.92,1,18081.18
988,43,Male,East,Life,17,19282.44,1,22239.88
989,31,Male,West,Life,22,12081.59,0,0.0
990,68,Female,West,Property,22,16445.67,0,0.0
991,24,Female,North,Life,10,9827.43,1,23513.32
992,20,Female,West,Health,21,17289.56,0,0.0
993,64,Female,West,Health,12,16802.41,0,0.0
994,40,Male,West,Life,15,7520.73,0,0.0
995,63,Female,West,Health,21,10352.86,1,15260.7
996,60,Female,East,Property,10,13867.44,0,0.0
997,64,Male,West,Health,14,13796.56,1,27132.62
998,62,Female,South,Property,13,10162.09,1,16330.52
999,35,Male,North,Vehicle,5,16555.91,0,0.0
1000,55,Male,East,Vehicle,6,16005.89,0,0.0
